OnboardingID,EmployeeID,Mentor,TrainingSchedule,CompletionDate
1,1141,Logan Hoover,2025-10-05 20:15:24.201457,
2,981,Michele Daugherty,2025-10-21 20:15:24.201856,
3,685,Dylan Parker,2025-10-18 20:15:24.202215,
4,1644,Amanda Welch,2025-10-18 20:15:24.202506,2025-10-27 20:15:24.202506
5,391,Daniel Olson,2025-10-23 20:15:24.202802,2025-11-01 20:15:24.202802
6,60,John Robertson,2025-10-10 20:15:24.203093,
7,753,Rachel Reynolds,2025-09-28 20:15:24.203387,
8,997,Richard Campbell,2025-10-16 20:15:24.203688,2025-11-06 20:15:24.203688
9,1048,Brenda Calderon,2025-10-18 20:15:24.203976,2025-11-06 20:15:24.203976
10,209,Ashley Tanner,2025-10-21 20:15:24.204181,
11,43,Taylor Reynolds,2025-10-15 20:15:24.204338,2025-11-07 20:15:24.204338
12,617,Taylor Randall,2025-09-28 20:15:24.204485,2025-10-26 20:15:24.204485
13,312,Jeffrey Brandt,2025-10-01 20:15:24.204636,2025-10-23 20:15:24.204636
14,1115,Lori Jones,2025-10-19 20:15:24.204829,2025-11-05 20:15:24.204829
15,749,Shawn Webb,2025-10-01 20:15:24.204984,2025-10-12 20:15:24.204984
16,324,Jessica Grant,2025-10-16 20:15:24.205149,2025-10-21 20:15:24.205149
17,783,Laurie Murphy,2025-10-06 20:15:24.205303,
18,1207,Kathryn Peters,2025-09-25 20:15:24.205488,2025-10-09 20:15:24.205488
19,1578,Joseph Holmes,2025-10-11 20:15:24.205652,
20,911,Ms. Stacy Douglas,2025-09-28 20:15:24.205834,
21,1504,Alex Olson,2025-10-15 20:15:24.205998,
22,1816,Jeffrey Miranda,2025-10-08 20:15:24.206150,2025-10-24 20:15:24.206150
23,1619,Robert Soto,2025-10-21 20:15:24.206372,2025-11-11 20:15:24.206372
24,160,Lindsey Smith,2025-10-19 20:15:24.206612,2025-10-29 20:15:24.206612
25,950,Andrew Blackburn,2025-10-09 20:15:24.206812,2025-10-19 20:15:24.206812
26,1447,Michael Johnston,2025-10-12 20:15:24.207016,2025-11-03 20:15:24.207016
27,1704,Lee Holland,2025-10-08 20:15:24.207237,2025-11-03 20:15:24.207237
28,448,Jon Ferrell,2025-10-17 20:15:24.207476,
29,1525,Mary Wilson,2025-10-15 20:15:24.207724,2025-11-08 20:15:24.207724
30,671,John Carr,2025-10-24 20:15:24.207981,
31,887,Sara Ross,2025-09-28 20:15:24.208230,
32,1874,David Fernandez,2025-10-20 20:15:24.208483,
33,1346,Mark Bailey,2025-09-27 20:15:24.208737,
34,296,Melissa Monroe,2025-10-14 20:15:24.208991,
35,131,Michelle Rogers,2025-09-28 20:15:24.209238,2025-10-27 20:15:24.209238
36,1843,Heather Wood,2025-10-14 20:15:24.209477,
37,462,Hannah Patrick,2025-09-28 20:15:24.209716,
38,559,Jason Beasley,2025-10-11 20:15:24.209946,2025-10-17 20:15:24.209946
39,156,Anthony Rojas,2025-10-16 20:15:24.210171,2025-11-03 20:15:24.210171
40,379,Jasmine Edwards,2025-10-01 20:15:24.210351,2025-10-20 20:15:24.210351
41,566,Joseph Choi,2025-10-12 20:15:24.210505,2025-10-23 20:15:24.210505
42,470,Ann Snyder,2025-10-22 20:15:24.210653,2025-10-30 20:15:24.210653
43,1381,Megan Hall,2025-10-06 20:15:24.210804,
44,733,Jessica Fowler,2025-10-24 20:15:24.210971,2025-11-18 20:15:24.210971
45,45,Edwin Howard,2025-10-17 20:15:24.211146,
46,1898,Marcus Gates,2025-10-07 20:15:24.211353,2025-10-23 20:15:24.211353
47,1868,Daniel Brown,2025-10-20 20:15:24.211509,2025-11-03 20:15:24.211509
48,471,Dustin Martin,2025-10-03 20:15:24.211657,
49,1931,Michele Joseph,2025-10-03 20:15:24.211802,2025-11-02 20:15:24.211802
50,1531,Matthew Howard,2025-10-24 20:15:24.211951,2025-11-05 20:15:24.211951
51,1697,Amy Sanchez,2025-09-25 20:15:24.212111,
52,1705,Benjamin Anderson,2025-10-08 20:15:24.212296,2025-10-13 20:15:24.212296
53,401,Lisa Bell,2025-09-29 20:15:24.212487,
54,498,Christopher Klein,2025-10-21 20:15:24.212640,
55,1873,Sarah Reyes,2025-10-21 20:15:24.212832,
56,1573,Douglas King,2025-10-05 20:15:24.213070,2025-10-28 20:15:24.213070
57,1397,Cody Moyer,2025-10-08 20:15:24.213358,2025-10-25 20:15:24.213358
58,630,Valerie Gould,2025-10-01 20:15:24.213630,
59,1984,Charles Curry,2025-10-07 20:15:24.213932,
60,1229,Mrs. Kimberly Bryant DDS,2025-10-20 20:15:24.214106,
61,1175,Tonya Miranda,2025-10-08 20:15:24.214279,2025-11-02 20:15:24.214279
62,1765,Manuel Lane,2025-10-07 20:15:24.214468,
63,1365,Jamie Stevens,2025-09-30 20:15:24.214736,2025-10-15 20:15:24.214736
64,1251,Brittany Francis,2025-10-11 20:15:24.215003,2025-10-23 20:15:24.215003
65,459,Adam Garcia,2025-09-28 20:15:24.215201,
66,1116,Hannah Torres,2025-09-29 20:15:24.215359,2025-10-24 20:15:24.215359
67,388,Sheila Charles,2025-10-13 20:15:24.215531,
68,569,Keith Oliver,2025-10-21 20:15:24.215733,
69,44,Michael Jones,2025-10-24 20:15:24.215883,2025-11-15 20:15:24.215883
70,1118,Steve Cohen,2025-09-30 20:15:24.216028,
71,186,Kenneth Carroll,2025-10-01 20:15:24.216172,2025-10-06 20:15:24.216172
72,146,Christine Hunter,2025-10-08 20:15:24.216329,2025-11-06 20:15:24.216329
73,1724,Tyler Baker,2025-10-13 20:15:24.216499,2025-11-06 20:15:24.216499
74,374,Devon Jones,2025-10-17 20:15:24.216710,2025-10-24 20:15:24.216710
75,1781,Claire Farmer,2025-10-13 20:15:24.216931,2025-11-10 20:15:24.216931
76,698,Susan Murphy,2025-10-18 20:15:24.217087,2025-11-06 20:15:24.217087
77,831,Jessica Weber MD,2025-10-15 20:15:24.217238,
78,1548,Christine Moody,2025-10-06 20:15:24.217460,2025-10-31 20:15:24.217460
79,1274,Douglas Melendez,2025-10-23 20:15:24.217618,2025-11-03 20:15:24.217618
80,1298,Mark Matthews,2025-10-12 20:15:24.217819,
81,1040,Kimberly Watson,2025-10-18 20:15:24.218007,
82,1672,Robert Dickerson,2025-10-20 20:15:24.218161,2025-11-02 20:15:24.218161
83,511,Michael Liu,2025-10-16 20:15:24.218307,2025-10-23 20:15:24.218307
84,419,Ian King,2025-10-24 20:15:24.218494,2025-10-29 20:15:24.218494
85,696,Rick Sanders,2025-10-15 20:15:24.218674,
86,1049,Laura Ellis,2025-10-22 20:15:24.218878,2025-11-10 20:15:24.218878
87,929,Craig Martinez,2025-10-24 20:15:24.219056,2025-11-01 20:15:24.219056
88,133,Jose Oconnor,2025-09-29 20:15:24.219202,2025-10-09 20:15:24.219202
89,914,Larry Davis,2025-09-27 20:15:24.219345,2025-10-13 20:15:24.219345
90,485,David Gibson,2025-10-24 20:15:24.219535,
91,1674,Johnny Martinez,2025-10-07 20:15:24.219681,2025-11-06 20:15:24.219681
92,774,Virginia Garcia,2025-09-25 20:15:24.219840,2025-10-15 20:15:24.219840
93,440,Daniel Montgomery,2025-10-15 20:15:24.220033,2025-11-10 20:15:24.220033
94,111,Douglas Archer,2025-10-08 20:15:24.220199,2025-10-23 20:15:24.220199
95,75,Martin Schwartz,2025-10-15 20:15:24.220346,
96,1038,Michael Carney,2025-10-20 20:15:24.220525,2025-11-03 20:15:24.220525
97,1477,Kristine Baldwin,2025-09-25 20:15:24.220709,
98,604,Lori Reynolds,2025-10-16 20:15:24.220971,2025-11-09 20:15:24.220971
99,425,Dorothy Kent MD,2025-10-22 20:15:24.221150,2025-11-06 20:15:24.221150
100,1517,Adam Webb,2025-10-06 20:15:24.221331,2025-10-30 20:15:24.221331
101,266,Valerie Morales,2025-10-14 20:15:24.221480,2025-10-24 20:15:24.221480
102,121,William Hawkins,2025-10-11 20:15:24.221669,
103,802,Raymond Schroeder,2025-10-24 20:15:24.221848,2025-11-17 20:15:24.221848
104,968,Christina Thomas,2025-09-25 20:15:24.222042,2025-10-16 20:15:24.222042
105,1784,Karen Miller,2025-10-11 20:15:24.222227,
106,423,Bryce Thomas,2025-10-01 20:15:24.222421,
107,667,Brandon Allen,2025-09-28 20:15:24.222596,
108,427,Charles Carney,2025-09-25 20:15:24.222787,2025-10-07 20:15:24.222787
109,190,Brian King,2025-09-27 20:15:24.222988,
110,1136,Kristin Porter,2025-09-29 20:15:24.223171,2025-10-19 20:15:24.223171
111,987,Julie Carpenter,2025-10-01 20:15:24.223382,
112,1523,Caleb Peters,2025-10-06 20:15:24.223582,
113,1954,Timothy Kelly,2025-10-15 20:15:24.223765,2025-11-12 20:15:24.223765
114,132,Christina Wright,2025-10-20 20:15:24.223917,2025-11-10 20:15:24.223917
115,1179,Patricia Arias,2025-10-07 20:15:24.224086,
116,603,Yesenia Curtis,2025-10-03 20:15:24.224262,2025-10-29 20:15:24.224262
117,870,Megan Fox,2025-10-22 20:15:24.224470,
118,1914,Christopher Freeman,2025-10-03 20:15:24.224624,
119,526,Madeline Lee,2025-09-28 20:15:24.224790,2025-10-27 20:15:24.224790
120,1703,Kelly Bernard,2025-10-13 20:15:24.224958,2025-11-12 20:15:24.224958
121,1202,Alison Jenkins,2025-10-01 20:15:24.225132,
122,1532,Kaitlin Young DDS,2025-10-10 20:15:24.225352,2025-10-29 20:15:24.225352
123,1716,Lisa Ibarra,2025-10-08 20:15:24.225586,2025-10-21 20:15:24.225586
124,1928,Stephanie Thomas,2025-10-21 20:15:24.225799,2025-10-29 20:15:24.225799
125,883,Derrick Roberts,2025-10-14 20:15:24.225989,2025-10-25 20:15:24.225989
126,1872,Christopher Jackson,2025-10-13 20:15:24.226179,2025-11-07 20:15:24.226179
127,372,Michael Flores,2025-10-21 20:15:24.226344,2025-10-31 20:15:24.226344
128,1086,Gary Allison,2025-10-23 20:15:24.226566,2025-11-13 20:15:24.226566
129,1552,Jennifer Nelson,2025-10-03 20:15:24.226812,2025-10-17 20:15:24.226812
130,1071,Robert Patel,2025-10-14 20:15:24.226971,
131,1629,Nicholas Hudson,2025-10-15 20:15:24.227217,
132,820,Robert Lloyd,2025-10-11 20:15:24.227448,2025-10-16 20:15:24.227448
133,269,Jodi Sawyer,2025-09-28 20:15:24.227616,2025-10-13 20:15:24.227616
134,1283,Stephen White,2025-10-08 20:15:24.227829,
135,1963,Peter Brown,2025-10-06 20:15:24.227989,2025-10-17 20:15:24.227989
136,1172,Mary Lawrence,2025-10-16 20:15:24.228136,2025-10-25 20:15:24.228136
137,687,Gerald Wilson,2025-10-19 20:15:24.228284,2025-10-24 20:15:24.228284
138,1087,Donald Lewis,2025-10-05 20:15:24.228429,
139,747,Colton Mcfarland,2025-10-17 20:15:24.228572,2025-11-05 20:15:24.228572
140,1858,Jose Wright,2025-10-13 20:15:24.228734,
141,1785,Justin Williams,2025-10-23 20:15:24.228961,2025-10-30 20:15:24.228961
142,1877,Cynthia Nguyen,2025-10-07 20:15:24.229164,2025-10-18 20:15:24.229164
143,1148,Julie Thomas,2025-10-11 20:15:24.229367,2025-11-02 20:15:24.229367
144,1168,Beth Rose,2025-10-03 20:15:24.229565,
145,17,Susan Williams,2025-10-23 20:15:24.229718,
146,708,Kathleen Stewart,2025-10-16 20:15:24.229867,2025-11-10 20:15:24.229867
147,955,Richard James,2025-10-08 20:15:24.230075,
148,1157,Johnny Simpson,2025-10-08 20:15:24.230241,2025-10-23 20:15:24.230241
149,760,Christine Lang,2025-10-01 20:15:24.230389,2025-10-31 20:15:24.230389
150,1499,Marissa Bryant,2025-10-10 20:15:24.230552,2025-10-23 20:15:24.230552
151,1733,Christopher Gallagher,2025-10-08 20:15:24.230704,2025-10-27 20:15:24.230704
152,810,Robert Johnson,2025-09-30 20:15:24.230878,
153,453,James Gray,2025-10-13 20:15:24.231047,2025-11-05 20:15:24.231047
154,183,Lawrence Myers,2025-09-25 20:15:24.231220,2025-10-20 20:15:24.231220
155,509,Frank Walker,2025-10-20 20:15:24.231368,
156,1663,Ann Mendoza,2025-09-25 20:15:24.231516,
157,646,Jennifer Rocha,2025-10-04 20:15:24.231669,2025-10-21 20:15:24.231669
158,1000,Ian Williams,2025-09-26 20:15:24.231822,
159,1033,Anthony Taylor,2025-10-24 20:15:24.231967,2025-11-08 20:15:24.231967
160,832,Manuel Dean,2025-10-15 20:15:24.232126,2025-11-04 20:15:24.232126
161,1233,Yesenia Hughes,2025-09-28 20:15:24.232287,
162,1457,Peggy Bennett,2025-10-08 20:15:24.232436,
163,411,Daniel Chavez,2025-10-03 20:15:24.232585,2025-10-19 20:15:24.232585
164,1306,Jamie Jenkins,2025-10-07 20:15:24.232756,2025-11-05 20:15:24.232756
165,515,Michael Simmons,2025-10-05 20:15:24.232924,2025-10-11 20:15:24.232924
166,1443,Ronald Matthews,2025-10-07 20:15:24.233088,2025-10-26 20:15:24.233088
167,1012,Mark Powers,2025-10-10 20:15:24.233281,
168,100,Aaron Davis,2025-10-24 20:15:24.233428,2025-11-09 20:15:24.233428
169,238,April Montoya,2025-10-14 20:15:24.233573,2025-10-26 20:15:24.233573
170,176,Eric Robles,2025-09-26 20:15:24.233723,
171,908,Shari Fry,2025-09-29 20:15:24.233867,2025-10-14 20:15:24.233867
172,1246,Joshua Griffin,2025-10-22 20:15:24.234021,
173,830,Jordan Adams,2025-10-08 20:15:24.234179,2025-10-15 20:15:24.234179
174,1108,Amy Martinez,2025-10-01 20:15:24.234355,
175,339,Tiffany Sweeney,2025-10-20 20:15:24.234504,2025-11-11 20:15:24.234504
176,601,James Patel,2025-09-25 20:15:24.234652,
177,1569,Mary Esparza,2025-10-22 20:15:24.234797,2025-11-21 20:15:24.234797
178,1485,Kevin Harvey,2025-09-26 20:15:24.234946,2025-10-10 20:15:24.234946
179,294,Linda Haley,2025-09-27 20:15:24.235104,2025-10-24 20:15:24.235104
180,544,Kelly Murphy,2025-10-14 20:15:24.235277,
181,1475,Melissa Murray,2025-10-07 20:15:24.235455,2025-10-17 20:15:24.235455
182,862,Melissa Rodriguez,2025-10-24 20:15:24.235607,2025-11-12 20:15:24.235607
183,161,George Fuller,2025-09-28 20:15:24.235755,2025-10-07 20:15:24.235755
184,1956,Matthew Becker,2025-10-19 20:15:24.235901,2025-11-06 20:15:24.235901
185,894,Bonnie Davis,2025-10-15 20:15:24.236046,2025-10-23 20:15:24.236046
186,1322,Matthew Deleon,2025-10-11 20:15:24.236225,2025-11-03 20:15:24.236225
187,12,Aaron Wilson,2025-10-10 20:15:24.236456,
188,1779,Michelle Kennedy,2025-10-03 20:15:24.236617,2025-10-31 20:15:24.236617
189,1889,Joseph Harris,2025-10-10 20:15:24.236821,2025-10-23 20:15:24.236821
190,609,Thomas Haney,2025-10-19 20:15:24.236976,2025-10-26 20:15:24.236976
191,1729,Samantha Herring,2025-10-06 20:15:24.237150,2025-10-18 20:15:24.237150
192,626,Heather Morales,2025-10-16 20:15:24.237334,
193,1084,Theresa Bradley,2025-10-22 20:15:24.237542,2025-10-29 20:15:24.237542
194,606,Jennifer Ellis,2025-09-27 20:15:24.237704,
195,246,Jessica Lopez,2025-09-26 20:15:24.237853,2025-10-22 20:15:24.237853
196,394,Jerry Watkins,2025-10-01 20:15:24.238003,2025-10-18 20:15:24.238003
197,964,Erin Patterson,2025-10-01 20:15:24.238160,2025-10-16 20:15:24.238160
198,1598,Sarah Shea,2025-10-01 20:15:24.238339,
199,1345,Brianna Smith,2025-10-19 20:15:24.238493,2025-11-03 20:15:24.238493
200,1659,Grant Smith,2025-10-19 20:15:24.238702,
201,77,Jessica Powell,2025-10-17 20:15:24.238850,2025-10-26 20:15:24.238850
202,1968,Erik Adams,2025-10-22 20:15:24.239101,2025-10-31 20:15:24.239101
203,1276,Matthew Johnson,2025-10-02 20:15:24.239354,
204,1773,Stephanie Fields,2025-10-07 20:15:24.239597,
205,165,Michael Bush,2025-10-22 20:15:24.239858,
206,1481,David Weaver,2025-10-01 20:15:24.240073,
207,27,Ann Edwards,2025-10-01 20:15:24.240232,2025-10-19 20:15:24.240232
208,768,Katherine Bell,2025-09-30 20:15:24.240404,
209,195,Jack Newton,2025-10-22 20:15:24.240556,2025-10-30 20:15:24.240556
210,1359,Cassandra Gallagher,2025-09-29 20:15:24.240743,2025-10-07 20:15:24.240743
211,1026,Allen Murphy,2025-10-18 20:15:24.240974,2025-10-23 20:15:24.240974
212,1385,Michael Hall,2025-10-23 20:15:24.241170,2025-11-05 20:15:24.241170
213,1725,Tiffany Brewer,2025-09-25 20:15:24.241334,2025-10-16 20:15:24.241334
214,878,Jason Johnson,2025-10-09 20:15:24.241501,2025-10-17 20:15:24.241501
215,398,Caitlin Skinner,2025-10-24 20:15:24.241664,2025-11-09 20:15:24.241664
216,850,Margaret Cole,2025-10-08 20:15:24.241909,2025-10-25 20:15:24.241909
217,815,Harold Williams,2025-10-11 20:15:24.242107,2025-10-26 20:15:24.242107
218,1937,Sophia Wall,2025-09-26 20:15:24.242282,2025-10-12 20:15:24.242282
219,50,Dean Larsen,2025-09-28 20:15:24.242438,2025-10-15 20:15:24.242438
220,429,Sandy Wilson,2025-10-18 20:15:24.242618,
221,1759,Christopher Burns,2025-10-01 20:15:24.242769,2025-10-18 20:15:24.242769
222,403,Sara Jacobs,2025-09-30 20:15:24.242952,2025-10-21 20:15:24.242952
223,310,Renee Rowe,2025-10-14 20:15:24.243140,2025-11-01 20:15:24.243140
224,1754,Seth Kirby,2025-09-28 20:15:24.243351,
225,993,Christian Jones,2025-10-15 20:15:24.243511,2025-10-23 20:15:24.243511
226,286,Daniel Chambers,2025-10-02 20:15:24.243671,2025-10-08 20:15:24.243671
227,769,Tracy Holden,2025-10-13 20:15:24.243828,2025-10-20 20:15:24.243828
228,1824,Shari Williams,2025-10-12 20:15:24.244073,2025-10-24 20:15:24.244073
229,1388,Anthony Stewart,2025-10-23 20:15:24.244255,
230,972,Christina Long,2025-10-17 20:15:24.244442,2025-11-03 20:15:24.244442
231,151,Lisa Lawson,2025-09-28 20:15:24.244606,2025-10-25 20:15:24.244606
232,1743,Johnny Brown,2025-10-03 20:15:24.244794,2025-10-13 20:15:24.244794
233,674,Monica Mcguire,2025-10-20 20:15:24.244943,2025-11-14 20:15:24.244943
234,497,Deborah Anderson,2025-10-04 20:15:24.245094,
235,1329,Dana Berger,2025-10-04 20:15:24.245294,
236,1379,Tyler Kennedy,2025-09-28 20:15:24.245553,2025-10-25 20:15:24.245553
237,275,Veronica Garza,2025-10-14 20:15:24.245763,2025-10-28 20:15:24.245763
238,1639,Robert Roberts,2025-10-22 20:15:24.246049,
239,1943,Jason Harrington,2025-10-02 20:15:24.246351,2025-10-28 20:15:24.246351
240,1727,Emily Farrell,2025-09-27 20:15:24.246640,2025-10-12 20:15:24.246640
241,1275,Veronica Williamson,2025-10-23 20:15:24.246955,2025-10-28 20:15:24.246955
242,109,Robert Jenkins,2025-10-16 20:15:24.247252,2025-10-31 20:15:24.247252
243,325,Sarah Shields,2025-09-25 20:15:24.247489,2025-10-08 20:15:24.247489
244,600,Nancy Andrews,2025-10-23 20:15:24.247685,2025-11-18 20:15:24.247685
245,1756,Michael Davis,2025-10-19 20:15:24.247868,
246,1490,Melissa Martinez,2025-10-14 20:15:24.248037,2025-11-03 20:15:24.248037
247,1796,Jonathan Barton,2025-10-13 20:15:24.248188,2025-10-25 20:15:24.248188
248,1282,Anthony Thornton,2025-10-10 20:15:24.248336,2025-10-15 20:15:24.248336
249,1019,Beverly Lopez,2025-10-13 20:15:24.248481,
250,302,Wendy Lang,2025-10-04 20:15:24.248629,
251,1389,Mackenzie Liu,2025-10-11 20:15:24.248852,2025-11-09 20:15:24.248852
252,923,Jim Camacho,2025-09-29 20:15:24.249059,
253,1196,Bryan Kirby,2025-09-28 20:15:24.249239,2025-10-26 20:15:24.249239
254,1446,Tracy Jones,2025-10-05 20:15:24.249387,2025-11-02 20:15:24.249387
255,1905,Jaime Flynn,2025-10-06 20:15:24.249570,
256,23,Michael Edwards,2025-10-03 20:15:24.249722,
257,638,Amy Dunn,2025-10-03 20:15:24.249881,2025-10-08 20:15:24.249881
258,362,Samuel Atkins,2025-10-21 20:15:24.250139,2025-11-17 20:15:24.250139
259,15,Amanda Zamora,2025-10-05 20:15:24.250507,
260,334,Charles Mccormick,2025-10-19 20:15:24.250817,
261,490,Leah Cherry,2025-10-22 20:15:24.251110,
262,1311,Marilyn Meyer,2025-10-14 20:15:24.251405,2025-10-27 20:15:24.251405
263,219,Charles Clark,2025-10-16 20:15:24.251607,2025-11-10 20:15:24.251607
264,564,Hannah Ryan,2025-09-25 20:15:24.251780,2025-10-13 20:15:24.251780
265,356,Rachel Burke,2025-10-22 20:15:24.251940,2025-10-31 20:15:24.251940
266,1742,Katherine Phillips,2025-10-06 20:15:24.252105,2025-10-18 20:15:24.252105
267,1595,Ann Bishop,2025-10-13 20:15:24.252289,
268,105,John Hall,2025-10-08 20:15:24.252440,2025-11-05 20:15:24.252440
269,541,Barbara Johnson,2025-09-27 20:15:24.252604,2025-10-14 20:15:24.252604
270,1046,Heather Bailey,2025-10-15 20:15:24.252841,2025-10-28 20:15:24.252841
271,1957,Keith Harding,2025-10-23 20:15:24.253005,
272,843,Dale Coleman,2025-10-12 20:15:24.253220,
273,1925,Joshua Reyes,2025-10-09 20:15:24.253400,
274,1612,Aaron Cox,2025-10-23 20:15:24.253548,2025-11-05 20:15:24.253548
275,370,Joel Gonzales,2025-10-24 20:15:24.253707,
276,336,Ryan Mcdaniel,2025-10-23 20:15:24.253851,2025-11-15 20:15:24.253851
277,1091,Christina Henry,2025-10-08 20:15:24.254030,
278,1195,Elizabeth Martin DDS,2025-10-03 20:15:24.254218,2025-10-09 20:15:24.254218
279,1989,Jaime Fields,2025-10-13 20:15:24.254433,2025-10-28 20:15:24.254433
280,1191,Stephanie Harper,2025-10-21 20:15:24.254581,
281,1054,Justin Clark,2025-10-08 20:15:24.254776,
282,386,Gregory Johnson,2025-10-13 20:15:24.255020,
283,330,Ronald Alvarez,2025-10-20 20:15:24.255286,2025-10-28 20:15:24.255286
284,1536,Jonathan Boyer,2025-09-25 20:15:24.255522,2025-10-21 20:15:24.255522
285,1695,Walter Ramsey,2025-09-29 20:15:24.255688,2025-10-08 20:15:24.255688
286,136,April Adams,2025-10-11 20:15:24.255929,
287,1013,Jocelyn Richards,2025-10-14 20:15:24.256528,2025-10-24 20:15:24.256528
288,1795,Albert Larson,2025-10-04 20:15:24.256841,2025-10-11 20:15:24.256841
289,1198,Mary Cobb,2025-10-20 20:15:24.257012,2025-11-08 20:15:24.257012
290,1706,Antonio Howard,2025-09-26 20:15:24.257187,2025-10-19 20:15:24.257187
291,958,Elizabeth Pollard,2025-09-28 20:15:24.257355,2025-10-12 20:15:24.257355
292,828,Kimberly Ramos,2025-09-25 20:15:24.257547,2025-10-21 20:15:24.257547
293,967,Joshua Roman,2025-10-21 20:15:24.257732,2025-11-03 20:15:24.257732
294,607,Samantha Dixon,2025-09-29 20:15:24.258000,2025-10-13 20:15:24.258000
295,529,Heather Powell,2025-10-20 20:15:24.258221,
296,1382,Thomas Malone,2025-10-16 20:15:24.258401,
297,763,Ruben Richardson,2025-10-12 20:15:24.258560,2025-10-19 20:15:24.258560
298,1994,Timothy Johnson,2025-10-17 20:15:24.258752,2025-11-14 20:15:24.258752
299,135,Lisa Brooks,2025-10-01 20:15:24.258923,2025-10-08 20:15:24.258923
300,1192,Dillon Davies,2025-10-04 20:15:24.259118,2025-10-24 20:15:24.259118
